<DATE>	<TIME>	<OPEN>	<HIGH>	<LOW>	<CLOSE>	<TICKVOL>	<VOL>	<SPREAD>
2022.01.03	00:00:00	15061.15	15086.73	15014.14	15060.97	129680	0	1
2022.01.04	00:00:00	14875.68	14908.02	14871.91	14880.13	194602	0	3
2022.01.05	00:00:00	15005.5	15080.46	14975.11	15020.75	60372	0	3
2022.01.06	00:00:00	15228.46	15243.55	15088.75	15197.32	172364	0	4
2022.01.07	00:00:00	14878.1	14887.55	14805.53	14851.59	130876	0	2
2022.01.10	00:00:00	14643.79	14665.69	14575.28	14627.17	158533	0	2
2022.01.11	00:00:00	14641.99	14748.13	14627.41	14655.49	64482	0	4
2022.01.12	00:00:00	14618.3	14620.2	14595.01	14605.82	180363	0	4
2022.01.13	00:00:00	14618.06	14705.66	14561.18	14608.71	51712	0	1
2022.01.14	00:00:00	14472.12	14477.87	14441.81	14465.72	186021	0	3
2022.01.17	00:00:00	14643.31	14646.29	14520.73	14625.03	148671	0	4
2022.01.18	00:00:00	14777.46	14801.76	14733.31	14768.08	100623	0	3
2022.01.19	00:00:00	14796.64	14836.39	14779.57	14785.7	51065	0	3
2022.01.20	00:00:00	15002.61	15092.51	14984.29	14993.06	141643	0	1
2022.01.21	00:00:00	15088.58	15164.73	15061.83	15083.44	63115	0	1
2022.01.24	00:00:00	14908.04	14944.1	14872.74	14934.68	141321	0	1
2022.01.25	00:00:00	15008.17	15040.35	14979.52	15006.91	165971	0	1
2022.01.26	00:00:00	14832.9	14899.57	14823.37	14841.16	90094	0	4
2022.01.27	00:00:00	14985.23	15018.62	14902.23	15004.43	85808	0	3
2022.01.28	00:00:00	15026.67	15113.88	14980.95	15001.44	83292	0	4
2022.01.31	00:00:00	15000.08	15057.14	14955.49	14974.19	83725	0	2
2022.02.01	00:00:00	14878.47	15001.2	14809.67	14858.28	67086	0	4
2022.02.02	00:00:00	15087.74	15098.34	15055.33	15083.89	87455	0	1
2022.02.03	00:00:00	15082.31	15090.84	15020.93	15061.97	148897	0	4
2022.02.04	00:00:00	14990.93	15010.02	14985.04	14990.75	95377	0	1
2022.02.07	00:00:00	14936.54	14984.88	14796.25	14933.51	167137	0	1
2022.02.08	00:00:00	15018.78	15089.28	14961.19	15035.22	172893	0	1
2022.02.09	00:00:00	15113.34	15121.06	15021.85	15107.34	164142	0	4
2022.02.10	00:00:00	15189.34	15286.61	15163.52	15188.42	130929	0	2
2022.02.11	00:00:00	15253.36	15301.54	15162.57	15273.26	97441	0	2
2022.02.14	00:00:00	15676.33	15703.25	15618.24	15677.13	189484	0	2
2022.02.15	00:00:00	15605.86	15621.59	15605.23	15607.1	80788	0	4
2022.02.16	00:00:00	15545.56	15591.33	15466.23	15517.67	119676	0	2
2022.02.17	00:00:00	15386.76	15440.53	15360.24	15373.02	118042	0	1
2022.02.18	00:00:00	15493.45	15586.81	15471.95	15493.27	161838	0	2
2022.02.21	00:00:00	15714.79	15760.02	15693.77	15710.88	132022	0	2
2022.02.22	00:00:00	15696.38	15731.66	15662.84	15695.69	169927	0	3
2022.02.23	00:00:00	15541.3	15623.14	15435.12	15544.46	187863	0	4
2022.02.24	00:00:00	15380.91	15440.55	15336.11	15397.58	108593	0	1
2022.02.25	00:00:00	15522.12	15595.09	15448.53	15524.47	181223	0	4
2022.02.28	00:00:00	15658.13	15682.08	15637.15	15669.82	75452	0	1
2022.03.01	00:00:00	15758.87	15818.35	15704.9	15778.6	187408	0	3
2022.03.02	00:00:00	15667.36	15678.49	15602.85	15659.35	76698	0	2
2022.03.03	00:00:00	15715.47	15720.41	15689.21	15709.32	177539	0	2
2022.03.04	00:00:00	15709.51	15802.02	15654.6	15737.63	108537	0	2
2022.03.07	00:00:00	15783.36	15796.5	15739.43	15785.29	194687	0	2
2022.03.08	00:00:00	15973.5	16058.83	15834.46	15957.61	69379	0	4
2022.03.09	00:00:00	16023.84	16062.45	15970.87	16006.88	119824	0	4
2022.03.10	00:00:00	16160.84	16187.57	16119.71	16144.28	185282	0	4
2022.03.11	00:00:00	16164.47	16183.65	16149.0	16163.84	57121	0	2
2022.03.14	00:00:00	16212.8	16302.79	16188.95	16226.51	89752	0	3
2022.03.15	00:00:00	16338.71	16391.98	16295.09	16356.44	62534	0	2
2022.03.16	00:00:00	16084.89	16112.96	15946.08	16079.35	98191	0	4
2022.03.17	00:00:00	16030.27	16047.85	16003.3	16024.2	108541	0	3
2022.03.18	00:00:00	15960.9	16026.78	15922.71	15940.38	142833	0	2
2022.03.21	00:00:00	15842.37	15872.24	15801.55	15824.97	88653	0	2
2022.03.22	00:00:00	15777.03	15813.6	15685.42	15779.11	73802	0	2
2022.03.23	00:00:00	16051.16	16108.36	16050.52	16071.16	75491	0	3
2022.03.24	00:00:00	15906.33	15950.03	15844.72	15911.41	190760	0	3
2022.03.25	00:00:00	16107.31	16114.35	16091.18	16103.81	192980	0	2
2022.03.28	00:00:00	15784.99	15806.74	15745.85	15788.18	83210	0	4
2022.03.29	00:00:00	15722.06	15737.75	15708.89	15731.15	79312	0	4
2022.03.30	00:00:00	15772.19	15810.83	15703.46	15768.21	58129	0	2
2022.03.31	00:00:00	15877.87	15940.53	15875.21	15885.88	193906	0	4
2022.04.01	00:00:00	16018.38	16073.66	15994.54	16028.45	155922	0	1
2022.04.04	00:00:00	16193.29	16224.12	16170.45	16188.24	164125	0	4
2022.04.05	00:00:00	16120.61	16183.38	16106.67	16127.09	93586	0	2
2022.04.06	00:00:00	16048.2	16056.0	16024.79	16044.28	146141	0	3
2022.04.07	00:00:00	16221.24	16256.75	16108.1	16216.81	58971	0	2
2022.04.08	00:00:00	16167.65	16263.16	16154.53	16186.09	151402	0	2
2022.04.11	00:00:00	15938.9	15947.78	15918.84	15946.58	136948	0	2
2022.04.12	00:00:00	15760.1	15770.5	15678.09	15737.47	99721	0	3
2022.04.13	00:00:00	15552.92	15586.97	15499.72	15571.02	156570	0	1
2022.04.14	00:00:00	15637.29	15671.07	15636.74	15670.46	146964	0	4
2022.04.15	00:00:00	15674.31	15772.02	15562.23	15703.54	115849	0	4
2022.04.18	00:00:00	15841.0	15900.99	15815.98	15840.53	78003	0	3
2022.04.19	00:00:00	15766.32	15767.71	15660.86	15765.83	53534	0	3
2022.04.20	00:00:00	15800.32	15850.95	15730.64	15802.18	190655	0	3
2022.04.21	00:00:00	15946.96	16052.89	15919.52	15927.62	92203	0	1
2022.04.22	00:00:00	15832.52	15891.42	15785.04	15874.95	95269	0	3
2022.04.25	00:00:00	15974.92	16031.93	15925.38	15968.59	152159	0	1
2022.04.26	00:00:00	15873.34	15880.63	15774.78	15848.59	88277	0	3
2022.04.27	00:00:00	15768.21	15812.07	15755.87	15786.01	106363	0	2
2022.04.28	00:00:00	15714.18	15753.31	15712.59	15720.15	156674	0	3
2022.04.29	00:00:00	15490.7	15507.92	15467.86	15502.37	139306	0	4
2022.05.02	00:00:00	15585.52	15675.32	15581.56	15599.47	148467	0	1
2022.05.03	00:00:00	15512.99	15627.19	15384.2	15518.05	50700	0	3
2022.05.04	00:00:00	15548.75	15592.73	15487.72	15526.59	117694	0	2
2022.05.05	00:00:00	15651.37	15697.62	15573.48	15622.67	121290	0	2
2022.05.06	00:00:00	15707.61	15734.36	15667.84	15712.89	144866	0	3
2022.05.09	00:00:00	15875.37	15941.41	15774.86	15845.19	72718	0	4
2022.05.10	00:00:00	15833.37	15900.34	15823.78	15832.8	73923	0	1
2022.05.11	00:00:00	15786.52	15794.76	15661.74	15758.89	164364	0	4
2022.05.12	00:00:00	15748.65	15784.59	15739.74	15750.12	150999	0	4
2022.05.13	00:00:00	15442.61	15460.13	15402.99	15440.59	171677	0	3
2022.05.16	00:00:00	15186.39	15207.01	15136.68	15180.85	90591	0	3
2022.05.17	00:00:00	14995.29	15009.72	14939.86	14947.77	199640	0	2
2022.05.18	00:00:00	14788.44	14799.03	14745.2	14775.87	90925	0	1
2022.05.19	00:00:00	14842.35	14923.16	14775.47	14852.86	147644	0	3
2022.05.20	00:00:00	14712.47	14759.59	14665.18	14698.22	74326	0	4
2022.05.23	00:00:00	14632.23	14639.94	14603.63	14637.53	187775	0	1
2022.05.24	00:00:00	14866.19	14924.02	14838.47	14873.48	99856	0	3
2022.05.25	00:00:00	14829.41	14885.67	14814.29	14815.95	170371	0	3
2022.05.26	00:00:00	14954.1	15017.88	14944.77	14953.64	99687	0	4
2022.05.27	00:00:00	14797.08	14810.94	14740.36	14792.96	168627	0	2
2022.05.30	00:00:00	14762.64	14822.79	14665.6	14762.44	118126	0	2
2022.05.31	00:00:00	14605.85	14628.11	14594.36	14600.93	59373	0	2
2022.06.01	00:00:00	14553.65	14562.18	14533.33	14547.47	78562	0	4
2022.06.02	00:00:00	14672.31	14710.38	14619.08	14700.78	152515	0	4
2022.06.03	00:00:00	14414.57	14431.16	14337.06	14404.97	78951	0	2
2022.06.06	00:00:00	14471.82	14498.58	14403.66	14486.05	91297	0	4
2022.06.07	00:00:00	14512.29	14544.25	14468.83	14533.25	131260	0	3
2022.06.08	00:00:00	14434.93	14437.61	14419.67	14435.77	87957	0	2
2022.06.09	00:00:00	14194.3	14197.65	14172.65	14193.11	69331	0	1
2022.06.10	00:00:00	14201.22	14239.99	14093.36	14211.08	143644	0	3
2022.06.13	00:00:00	14138.46	14161.03	14063.99	14126.72	153334	0	3
2022.06.14	00:00:00	14152.87	14295.79	14105.34	14171.89	159957	0	4
2022.06.15	00:00:00	14175.5	14256.87	14159.01	14181.27	191592	0	3
2022.06.16	00:00:00	14453.82	14476.34	14415.52	14462.28	68674	0	1
2022.06.17	00:00:00	14425.9	14459.47	14391.75	14426.57	114019	0	3
2022.06.20	00:00:00	14260.14	14284.84	14209.09	14256.17	85099	0	3
2022.06.21	00:00:00	14278.18	14294.58	14267.97	14292.58	185165	0	2
2022.06.22	00:00:00	14346.48	14379.27	14331.16	14336.1	130968	0	2
2022.06.23	00:00:00	14578.59	14630.0	14508.01	14577.67	64747	0	4
2022.06.24	00:00:00	14702.52	14738.89	14686.87	14730.38	153822	0	3
2022.06.27	00:00:00	14770.53	14849.78	14662.45	14799.52	56443	0	3
2022.06.28	00:00:00	15067.53	15173.69	15044.73	15067.72	91125	0	2
2022.06.29	00:00:00	14856.96	14931.15	14825.8	14860.24	158205	0	2
2022.06.30	00:00:00	14750.97	14769.1	14749.08	14752.5	125900	0	3
2022.07.01	00:00:00	14594.8	14642.4	14591.0	14595.21	164153	0	4
2022.07.04	00:00:00	14536.19	14589.38	14520.98	14532.91	135678	0	3
2022.07.05	00:00:00	14314.06	14349.74	14266.61	14300.51	176458	0	3
2022.07.06	00:00:00	14399.67	14422.0	14333.45	14415.69	134384	0	1
2022.07.07	00:00:00	14366.2	14383.79	14343.91	14383.05	58522	0	4
2022.07.08	00:00:00	14121.62	14149.08	14092.64	14137.08	60689	0	1
2022.07.11	00:00:00	13975.46	14020.93	13945.68	13971.42	166536	0	4
2022.07.12	00:00:00	14047.16	14121.55	13961.98	14029.69	55790	0	2
2022.07.13	00:00:00	14171.06	14218.6	14142.64	14177.18	106480	0	4
2022.07.14	00:00:00	14490.45	14527.15	14441.62	14526.79	52415	0	4
2022.07.15	00:00:00	15024.1	15058.94	15022.07	15049.74	95500	0	4
2022.07.18	00:00:00	15118.21	15197.6	15029.28	15130.82	139270	0	4
2022.07.19	00:00:00	14949.85	14980.77	14918.19	14958.19	75953	0	3
2022.07.20	00:00:00	14580.23	14691.82	14507.62	14586.18	119914	0	4
2022.07.21	00:00:00	14639.54	14668.01	14625.41	14638.97	199402	0	1
2022.07.22	00:00:00	14498.14	14567.58	14459.54	14502.66	60574	0	1
2022.07.25	00:00:00	14451.47	14453.79	14386.09	14436.32	59549	0	3
2022.07.26	00:00:00	14326.72	14341.54	14307.72	14336.41	90687	0	4
2022.07.27	00:00:00	14305.59	14368.17	14297.72	14317.93	174051	0	4
2022.07.28	00:00:00	14515.01	14522.79	14480.03	14508.07	110869	0	3
2022.07.29	00:00:00	14518.92	14571.53	14493.28	14541.25	145924	0	3
2022.08.01	00:00:00	14525.06	14547.13	14499.97	14519.4	55080	0	3
2022.08.02	00:00:00	14347.28	14402.07	14303.62	14345.81	160262	0	4
2022.08.03	00:00:00	14063.94	14088.65	14052.08	14066.02	60113	0	4
2022.08.04	00:00:00	14011.98	14028.19	13960.49	13989.76	156757	0	1
2022.08.05	00:00:00	13977.63	13996.25	13941.32	13986.33	72187	0	3
2022.08.08	00:00:00	14321.39	14388.72	14221.3	14291.94	178765	0	2
2022.08.09	00:00:00	14316.8	14336.72	14304.31	14320.03	94419	0	4
2022.08.10	00:00:00	14477.19	14572.23	14461.79	14495.7	77568	0	3
2022.08.11	00:00:00	14415.88	14448.39	14312.29	14414.87	100505	0	4
2022.08.12	00:00:00	14201.74	14222.52	14178.91	14217.04	50123	0	2
2022.08.15	00:00:00	14048.39	14159.63	14010.41	14058.96	74768	0	3
2022.08.16	00:00:00	13948.25	13994.28	13876.8	13942.71	139779	0	1
2022.08.17	00:00:00	14317.09	14321.5	14236.04	14309.14	95116	0	4
2022.08.18	00:00:00	14165.64	14250.93	14104.39	14174.46	103078	0	1
2022.08.19	00:00:00	14337.67	14388.92	14275.84	14323.53	171084	0	2
2022.08.22	00:00:00	14191.25	14220.89	14117.15	14174.84	68568	0	4
2022.08.23	00:00:00	14360.52	14370.17	14307.87	14339.92	109383	0	4
2022.08.24	00:00:00	14419.71	14419.8	14384.75	14412.08	77920	0	2
2022.08.25	00:00:00	14410.39	14422.58	14364.17	14390.77	122427	0	2
2022.08.26	00:00:00	14362.43	14419.65	14262.16	14389.49	99762	0	1
2022.08.29	00:00:00	14278.04	14286.41	14198.32	14282.58	56934	0	4
2022.08.30	00:00:00	14352.53	14433.85	14340.44	14364.98	60535	0	1
2022.08.31	00:00:00	14294.19	14299.98	14226.03	14292.48	177850	0	1
2022.09.01	00:00:00	14081.4	14108.47	14062.99	14089.45	58536	0	2
2022.09.02	00:00:00	13878.28	13890.06	13874.08	13880.59	167406	0	1
2022.09.05	00:00:00	13941.12	14008.67	13867.6	13914.93	187403	0	1
2022.09.06	00:00:00	14184.38	14228.86	14094.73	14186.79	119871	0	3
2022.09.07	00:00:00	14225.63	14241.18	14195.13	14219.74	96815	0	3
2022.09.08	00:00:00	14201.89	14236.13	14201.18	14205.19	166447	0	2
2022.09.09	00:00:00	14260.78	14272.79	14181.76	14259.7	197334	0	4
2022.09.12	00:00:00	14490.82	14556.06	14424.56	14490.74	68064	0	3
2022.09.13	00:00:00	14541.26	14586.0	14489.94	14534.75	194655	0	1
2022.09.14	00:00:00	14485.9	14509.27	14424.83	14469.04	191560	0	3
2022.09.15	00:00:00	14692.43	14746.58	14663.76	14668.27	71385	0	3
2022.09.16	00:00:00	14754.4	14782.7	14739.09	14749.83	58210	0	4
2022.09.19	00:00:00	15039.05	15067.93	14986.99	15030.19	157238	0	1
2022.09.20	00:00:00	15051.96	15093.63	15007.56	15069.3	61650	0	1
2022.09.21	00:00:00	14854.13	14866.49	14841.81	14855.43	140120	0	2
2022.09.22	00:00:00	14633.12	14639.33	14575.72	14619.38	59713	0	2
2022.09.23	00:00:00	14930.78	14969.88	14912.05	14917.86	153597	0	4
2022.09.26	00:00:00	15238.95	15263.4	15232.52	15235.72	84755	0	3
2022.09.27	00:00:00	15222.5	15294.32	15182.96	15209.02	64428	0	3
2022.09.28	00:00:00	15152.74	15215.56	15101.16	15145.3	59992	0	3
2022.09.29	00:00:00	15437.93	15462.56	15385.2	15419.42	78284	0	4
2022.09.30	00:00:00	15226.43	15283.48	15184.61	15222.02	131112	0	2
2022.10.03	00:00:00	15060.13	15084.03	14942.5	15065.49	61495	0	1
2022.10.04	00:00:00	15193.42	15214.65	15171.18	15188.32	170341	0	1
2022.10.05	00:00:00	15078.3	15230.34	15057.57	15122.61	140620	0	2
2022.10.06	00:00:00	15133.53	15212.42	15092.84	15127.73	94595	0	3
2022.10.07	00:00:00	15049.03	15113.36	15012.05	15104.13	197988	0	2
2022.10.10	00:00:00	15145.36	15222.85	15121.05	15171.51	148780	0	2
2022.10.11	00:00:00	15443.08	15465.94	15417.43	15436.1	150797	0	2
2022.10.12	00:00:00	15466.46	15473.02	15433.98	15459.07	76091	0	4
2022.10.13	00:00:00	15567.11	15693.95	15528.46	15585.23	156614	0	4
2022.10.14	00:00:00	15201.73	15223.37	15183.0	15212.56	133879	0	1
2022.10.17	00:00:00	15230.6	15317.54	15205.66	15209.75	197687	0	1
2022.10.18	00:00:00	15055.36	15083.14	15010.37	15062.65	121699	0	1
2022.10.19	00:00:00	14883.19	14894.79	14822.95	14849.89	151701	0	4
2022.10.20	00:00:00	14700.07	14745.3	14618.82	14700.1	101169	0	2
2022.10.21	00:00:00	14653.11	14660.32	14562.92	14647.14	56027	0	4
2022.10.24	00:00:00	14838.89	14864.75	14758.96	14814.93	69187	0	3
2022.10.25	00:00:00	14588.74	14688.34	14529.36	14586.83	180050	0	3
2022.10.26	00:00:00	14583.4	14626.1	14576.63	14598.03	160718	0	2
2022.10.27	00:00:00	14517.67	14524.2	14465.9	14519.27	104701	0	2
2022.10.28	00:00:00	14467.56	14512.03	14437.06	14468.07	154673	0	1
2022.10.31	00:00:00	14629.09	14654.64	14595.12	14649.08	50654	0	3
2022.11.01	00:00:00	14746.11	14775.71	14726.62	14749.88	55577	0	2
2022.11.02	00:00:00	14983.38	15018.27	14923.93	14994.5	126085	0	2
2022.11.03	00:00:00	14986.56	15013.82	14942.98	14972.72	143744	0	1
2022.11.04	00:00:00	14854.65	14914.29	14853.42	14854.14	190552	0	4
2022.11.07	00:00:00	14816.02	14866.78	14795.53	14820.21	163948	0	4
2022.11.08	00:00:00	14867.77	14931.7	14848.45	14869.35	88599	0	2
2022.11.09	00:00:00	14910.18	14939.82	14892.19	14906.85	172270	0	3
2022.11.10	00:00:00	14729.1	14814.07	14694.22	14720.02	123726	0	4
2022.11.11	00:00:00	14727.17	14791.76	14687.07	14741.91	173904	0	3
2022.11.14	00:00:00	14772.85	14792.58	14771.23	14788.25	76066	0	3
2022.11.15	00:00:00	15264.76	15307.83	15154.98	15247.91	53933	0	2
2022.11.16	00:00:00	15595.03	15626.24	15585.12	15601.46	58653	0	3
2022.11.17	00:00:00	15426.83	15452.11	15391.55	15448.71	198632	0	3
2022.11.18	00:00:00	15408.52	15410.26	15388.75	15401.69	62081	0	3
2022.11.21	00:00:00	15146.65	15150.78	15057.13	15139.63	190903	0	3
2022.11.22	00:00:00	15015.69	15040.1	14975.99	15038.71	159051	0	3
2022.11.23	00:00:00	15105.28	15114.99	15091.96	15101.81	71905	0	1
2022.11.24	00:00:00	15339.33	15405.69	15326.41	15328.06	179611	0	4
2022.11.25	00:00:00	15206.31	15229.87	15196.04	15200.61	71631	0	4
2022.11.28	00:00:00	15097.33	15138.76	15082.62	15087.79	71494	0	1
2022.11.29	00:00:00	14689.21	14770.25	14684.49	14709.87	136328	0	2
2022.11.30	00:00:00	14691.92	14700.27	14649.7	14687.06	93247	0	4
2022.12.01	00:00:00	14502.41	14542.48	14442.47	14506.8	93623	0	2
2022.12.02	00:00:00	14413.73	14425.51	14413.64	14420.7	79254	0	4
2022.12.05	00:00:00	14287.89	14304.55	14240.54	14275.46	141151	0	4
2022.12.06	00:00:00	14286.13	14349.45	14235.0	14265.03	54028	0	4
2022.12.07	00:00:00	13997.95	14019.22	13940.77	13972.88	86761	0	1
2022.12.08	00:00:00	13752.6	13806.72	13703.14	13734.54	133014	0	2
2022.12.09	00:00:00	14094.08	14124.01	14047.96	14095.63	122981	0	3
2022.12.12	00:00:00	13889.99	13922.27	13793.0	13885.09	154988	0	4
2022.12.13	00:00:00	13719.53	13743.28	13704.0	13709.02	82436	0	1
2022.12.14	00:00:00	14021.87	14035.07	13927.95	14020.17	147181	0	2
2022.12.15	00:00:00	14525.25	14546.68	14499.47	14523.35	163991	0	1
2022.12.16	00:00:00	14338.13	14376.54	14273.39	14326.33	108208	0	4
2022.12.19	00:00:00	14268.02	14302.02	14244.35	14268.87	88521	0	4
2022.12.20	00:00:00	14322.75	14359.82	14312.06	14333.2	133251	0	1
2022.12.21	00:00:00	14633.43	14668.32	14589.15	14639.5	136829	0	1
2022.12.22	00:00:00	14482.12	14506.69	14451.91	14472.94	64114	0	2
2022.12.23	00:00:00	14436.22	14483.83	14383.44	14436.18	134766	0	4
2022.12.26	00:00:00	14582.26	14609.77	14537.09	14577.3	73145	0	2
2022.12.27	00:00:00	14669.24	14744.49	14592.49	14659.41	135323	0	2
2022.12.28	00:00:00	14593.76	14698.55	14578.05	14599.23	189769	0	2
2022.12.29	00:00:00	14592.66	14637.79	14542.04	14581.64	130560	0	3
2022.12.30	00:00:00	14354.21	14357.24	14335.55	14348.77	164226	0	2
2023.01.02	00:00:00	14295.87	14364.05	14270.07	14313.54	96455	0	1
2023.01.03	00:00:00	14294.16	14327.5	14200.48	14273.57	188410	0	4
2023.01.04	00:00:00	14311.95	14346.18	14302.66	14319.12	171913	0	2
2023.01.05	00:00:00	14206.15	14274.83	14171.85	14229.7	187502	0	2
2023.01.06	00:00:00	14301.22	14361.35	14295.91	14316.18	161239	0	3
2023.01.09	00:00:00	14482.21	14503.29	14456.73	14497.01	147408	0	3
2023.01.10	00:00:00	14530.65	14583.69	14529.41	14529.89	128750	0	1
2023.01.11	00:00:00	14593.19	14634.07	14530.32	14597.19	189235	0	1
2023.01.12	00:00:00	14607.42	14652.58	14583.09	14612.35	177228	0	1
2023.01.13	00:00:00	14627.27	14750.55	14543.15	14618.21	112505	0	4
2023.01.16	00:00:00	14502.9	14522.54	14488.61	14497.98	62847	0	3
2023.01.17	00:00:00	14563.57	14566.71	14481.12	14558.97	50542	0	4
2023.01.18	00:00:00	14553.76	14610.32	14538.47	14547.8	85022	0	3
2023.01.19	00:00:00	14933.0	15009.43	14843.2	14923.81	59385	0	2
2023.01.20	00:00:00	15182.26	15265.43	15096.04	15214.33	81725	0	3
2023.01.23	00:00:00	15285.48	15304.68	15254.19	15291.06	66423	0	3
2023.01.24	00:00:00	15124.69	15218.98	15121.52	15157.74	197157	0	2
2023.01.25	00:00:00	14963.27	14972.73	14946.06	14962.73	64303	0	4
2023.01.26	00:00:00	15184.14	15235.29	15134.84	15184.21	144033	0	4
2023.01.27	00:00:00	15254.19	15321.11	15213.48	15238.26	102755	0	4
2023.01.30	00:00:00	15350.65	15387.91	15279.62	15332.44	76132	0	4
2023.01.31	00:00:00	15023.84	15028.15	14996.37	15020.8	155190	0	2
2023.02.01	00:00:00	15187.38	15306.04	15176.23	15194.98	195583	0	1
2023.02.02	00:00:00	15291.59	15336.71	15277.5	15284.18	168597	0	2
2023.02.03	00:00:00	15079.93	15119.03	15072.02	15087.9	196285	0	3
2023.02.06	00:00:00	15008.75	15063.38	14961.67	15008.77	138531	0	4
2023.02.07	00:00:00	15077.22	15127.39	15023.26	15062.37	151036	0	2
2023.02.08	00:00:00	15069.47	15149.89	14996.15	15077.88	71965	0	2
2023.02.09	00:00:00	15043.23	15056.84	15003.41	15031.12	177862	0	2
2023.02.10	00:00:00	15028.65	15074.43	14990.03	15018.47	162185	0	4
2023.02.13	00:00:00	14964.82	15053.64	14943.26	14979.12	88103	0	1
2023.02.14	00:00:00	15027.19	15027.55	14994.21	15012.57	103220	0	2
2023.02.15	00:00:00	15296.81	15309.37	15271.43	15286.13	141633	0	1
2023.02.16	00:00:00	14829.94	14843.32	14793.39	14828.43	51949	0	4
2023.02.17	00:00:00	14780.98	14874.45	14778.96	14792.26	172686	0	2
2023.02.20	00:00:00	14816.81	14844.04	14795.16	14829.55	92088	0	1
2023.02.21	00:00:00	14880.27	14902.89	14866.34	14888.27	61246	0	2
2023.02.22	00:00:00	14835.95	14842.54	14738.02	14827.9	99590	0	1
2023.02.23	00:00:00	14510.52	14548.96	14435.0	14524.4	175365	0	2
2023.02.24	00:00:00	14593.9	14613.29	14565.64	14587.52	91136	0	4
2023.02.27	00:00:00	14880.5	14900.78	14805.54	14899.0	130878	0	3
2023.02.28	00:00:00	14630.14	14652.55	14625.39	14633.13	171780	0	4
2023.03.01	00:00:00	14793.14	14806.65	14772.28	14791.52	55056	0	3
2023.03.02	00:00:00	14775.25	14793.41	14647.02	14739.22	163988	0	4
2023.03.03	00:00:00	14713.97	14738.35	14696.8	14734.27	93303	0	2
2023.03.06	00:00:00	14576.52	14660.52	14538.5	14555.09	154332	0	4
2023.03.07	00:00:00	14504.77	14525.52	14411.26	14502.59	78213	0	1
2023.03.08	00:00:00	14742.57	14742.59	14699.39	14736.51	70850	0	2
2023.03.09	00:00:00	14847.6	14849.37	14781.93	14845.84	168244	0	3
2023.03.10	00:00:00	15170.49	15214.22	15095.96	15163.75	171175	0	2
2023.03.13	00:00:00	15383.31	15475.81	15366.74	15385.67	197198	0	2
2023.03.14	00:00:00	15495.64	15587.4	15471.0	15473.14	151576	0	1
2023.03.15	00:00:00	15799.47	15819.67	15736.52	15806.68	119881	0	1
2023.03.16	00:00:00	15914.53	15914.87	15816.3	15896.53	79225	0	3
2023.03.17	00:00:00	16051.34	16069.88	15996.75	16061.68	94282	0	4
2023.03.20	00:00:00	16010.06	16033.23	15964.84	16011.03	147214	0	1
2023.03.21	00:00:00	16013.05	16062.18	16003.37	16030.23	101915	0	2
2023.03.22	00:00:00	15910.23	15954.74	15882.02	15902.99	122526	0	4
2023.03.23	00:00:00	16122.67	16146.08	16012.0	16099.4	75209	0	4
2023.03.24	00:00:00	15878.49	15892.14	15856.13	15879.72	115902	0	1
2023.03.27	00:00:00	16032.76	16137.31	15923.43	16035.91	85695	0	3
2023.03.28	00:00:00	15987.83	16042.61	15957.14	16005.67	66818	0	1
2023.03.29	00:00:00	16234.99	16298.23	16163.22	16238.71	69792	0	1
2023.03.30	00:00:00	16366.14	16423.94	16357.15	16392.25	127745	0	1
2023.03.31	00:00:00	16745.72	16805.25	16742.04	16761.02	104963	0	3
2023.04.03	00:00:00	16919.25	16953.45	16896.07	16915.42	64989	0	1
2023.04.04	00:00:00	16627.85	16670.78	16565.31	16605.95	127144	0	2
2023.04.05	00:00:00	16645.88	16723.72	16551.26	16599.25	74638	0	1
2023.04.06	00:00:00	16364.37	16417.01	16302.21	16373.98	52316	0	2
2023.04.07	00:00:00	16302.33	16313.41	16211.95	16278.97	69881	0	3
2023.04.10	00:00:00	16587.55	16624.74	16534.2	16583.51	117278	0	2
2023.04.11	00:00:00	16715.02	16720.43	16666.48	16717.55	193116	0	2
2023.04.12	00:00:00	16591.73	16647.35	16580.23	16584.56	86250	0	3
2023.04.13	00:00:00	16391.61	16411.99	16373.88	16390.59	92729	0	3
2023.04.14	00:00:00	16405.41	16433.89	16380.95	16403.6	86398	0	1
2023.04.17	00:00:00	16165.73	16176.6	16117.51	16172.34	103280	0	4
2023.04.18	00:00:00	16026.59	16059.6	16022.61	16049.03	157599	0	4
2023.04.19	00:00:00	16090.8	16128.18	16022.73	16115.68	98312	0	3
2023.04.20	00:00:00	16357.87	16430.42	16332.02	16347.19	148635	0	3
2023.04.21	00:00:00	16469.08	16518.15	16438.24	16473.64	184737	0	3
2023.04.24	00:00:00	16023.71	16061.52	15983.66	16033.27	191927	0	2
2023.04.25	00:00:00	16098.51	16099.04	15994.12	16098.37	134444	0	2
2023.04.26	00:00:00	16131.56	16174.09	16096.02	16118.74	156985	0	2
2023.04.27	00:00:00	16208.4	16281.21	16170.82	16205.48	187873	0	1
2023.04.28	00:00:00	16518.61	16594.43	16438.92	16529.45	168003	0	4
2023.05.01	00:00:00	16151.46	16250.2	16091.87	16131.68	94988	0	2
2023.05.02	00:00:00	16049.37	16050.95	15964.56	16024.07	69804	0	2
2023.05.03	00:00:00	16152.54	16206.73	16130.66	16144.55	67225	0	4
2023.05.04	00:00:00	15862.8	15881.1	15756.39	15847.37	182307	0	3
2023.05.05	00:00:00	16157.04	16189.1	16086.74	16137.0	133432	0	3
2023.05.08	00:00:00	16233.3	16264.54	16188.52	16214.98	94451	0	1
2023.05.09	00:00:00	16397.16	16408.54	16317.71	16387.1	101830	0	2
2023.05.10	00:00:00	16291.46	16306.09	16277.43	16281.72	92252	0	3
2023.05.11	00:00:00	16456.62	16489.8	16437.97	16448.07	170286	0	2
2023.05.12	00:00:00	16648.69	16690.74	16589.81	16666.98	141861	0	1
2023.05.15	00:00:00	16732.03	16766.76	16675.29	16720.31	181913	0	4
2023.05.16	00:00:00	16751.38	16782.6	16701.48	16774.12	95265	0	2
2023.05.17	00:00:00	16821.98	16888.07	16812.06	16835.36	120886	0	3
2023.05.18	00:00:00	16690.23	16709.93	16627.14	16668.51	68260	0	2
2023.05.19	00:00:00	16659.67	16729.48	16579.22	16645.68	195703	0	3
2023.05.22	00:00:00	16646.61	16679.35	16538.71	16621.89	126779	0	4
2023.05.23	00:00:00	16700.68	16759.57	16659.41	16705.22	132951	0	4
2023.05.24	00:00:00	16894.13	16985.29	16863.57	16913.62	112050	0	1
2023.05.25	00:00:00	16702.8	16758.14	16683.14	16706.81	90638	0	3
2023.05.26	00:00:00	16690.15	16704.66	16595.48	16688.44	192260	0	4
2023.05.29	00:00:00	16995.91	17003.93	16959.96	16994.57	123346	0	3
2023.05.30	00:00:00	16869.44	16880.02	16849.96	16850.34	151215	0	1
2023.05.31	00:00:00	16685.54	16725.55	16638.97	16691.57	55596	0	1
2023.06.01	00:00:00	16744.73	16763.36	16700.11	16738.84	91389	0	1
2023.06.02	00:00:00	16899.35	16928.03	16815.32	16916.07	170600	0	1
2023.06.05	00:00:00	16932.78	16977.08	16890.4	16925.16	63175	0	4
2023.06.06	00:00:00	17204.17	17233.17	17168.86	17204.12	65215	0	4
2023.06.07	00:00:00	17375.83	17421.02	17295.69	17388.87	171475	0	3
2023.06.08	00:00:00	17568.3	17635.41	17557.16	17572.45	96312	0	3
2023.06.09	00:00:00	17693.5	17753.27	17664.2	17696.76	91081	0	4
2023.06.12	00:00:00	18200.39	18305.17	18191.92	18205.31	134797	0	2
2023.06.13	00:00:00	18199.99	18239.84	18094.07	18167.81	79238	0	2
2023.06.14	00:00:00	17741.58	17839.61	17663.54	17743.32	56446	0	3
2023.06.15	00:00:00	18091.03	18172.82	18046.7	18095.45	50667	0	2
2023.06.16	00:00:00	17965.77	18091.36	17963.48	18003.53	61897	0	1
2023.06.19	00:00:00	18017.94	18073.28	18013.07	18034.07	73779	0	3
2023.06.20	00:00:00	18322.21	18405.22	18268.0	18327.03	154417	0	4
2023.06.21	00:00:00	17972.88	18009.86	17969.88	17985.21	94692	0	1
2023.06.22	00:00:00	17748.68	17754.08	17723.9	17724.19	60766	0	1
2023.06.23	00:00:00	17390.95	17498.59	17331.46	17393.82	52163	0	2
2023.06.26	00:00:00	17257.95	17271.76	17173.31	17235.74	121562	0	4
2023.06.27	00:00:00	17334.91	17390.22	17316.72	17333.84	176019	0	3
2023.06.28	00:00:00	17450.85	17461.3	17439.0	17450.2	100804	0	3
2023.06.29	00:00:00	17513.6	17597.19	17478.7	17515.15	59577	0	3
2023.06.30	00:00:00	17227.67	17255.73	17197.36	17227.61	84211	0	2
2023.07.03	00:00:00	16792.11	16843.72	16733.7	16763.3	124905	0	3
2023.07.04	00:00:00	16742.02	16820.38	16737.61	16780.95	78316	0	1
2023.07.05	00:00:00	16659.48	16749.83	16611.03	16692.89	196771	0	1
2023.07.06	00:00:00	16782.76	16900.49	16734.59	16791.88	164511	0	4
2023.07.07	00:00:00	16940.95	16954.49	16867.16	16940.7	101686	0	3
2023.07.10	00:00:00	16987.33	17016.97	16967.65	16975.62	192731	0	1
2023.07.11	00:00:00	17146.13	17225.91	17053.68	17138.02	98753	0	2
2023.07.12	00:00:00	17185.5	17215.47	17159.01	17192.1	71026	0	1
2023.07.13	00:00:00	17326.37	17349.75	17293.61	17308.73	190742	0	3
2023.07.14	00:00:00	17187.53	17243.0	17046.6	17169.85	193952	0	4
2023.07.17	00:00:00	17142.89	17171.41	17085.36	17139.73	96898	0	2
2023.07.18	00:00:00	17203.67	17258.96	17089.27	17187.13	139214	0	2
2023.07.19	00:00:00	17368.87	17400.29	17297.12	17364.14	75993	0	1
2023.07.20	00:00:00	17279.49	17295.95	17236.63	17289.2	146249	0	2
2023.07.21	00:00:00	17416.77	17449.12	17403.55	17404.63	153517	0	2
2023.07.24	00:00:00	17358.06	17418.51	17325.63	17356.14	156488	0	1
2023.07.25	00:00:00	17338.63	17340.31	17324.66	17338.61	135310	0	2
2023.07.26	00:00:00	17544.87	17552.63	17469.11	17519.07	155617	0	4
2023.07.27	00:00:00	17069.94	17136.0	17060.73	17111.88	133257	0	4
2023.07.28	00:00:00	16830.57	16876.48	16807.86	16854.46	172971	0	2
2023.07.31	00:00:00	16544.3	16602.74	16494.25	16563.96	76938	0	4
2023.08.01	00:00:00	16107.14	16137.63	16073.31	16112.99	122520	0	1
2023.08.02	00:00:00	15984.7	16015.24	15968.04	15988.77	112459	0	4
2023.08.03	00:00:00	16115.34	16280.91	16046.26	16139.66	130003	0	2
2023.08.04	00:00:00	16075.17	16148.48	16054.79	16091.02	71312	0	3
2023.08.07	00:00:00	16121.82	16283.24	16116.07	16135.71	98574	0	1
2023.08.08	00:00:00	16394.73	16425.03	16334.93	16354.54	193121	0	4
2023.08.09	00:00:00	16653.79	16705.02	16610.3	16623.84	65788	0	2
2023.08.10	00:00:00	16609.85	16632.51	16608.86	16616.69	145296	0	4
2023.08.11	00:00:00	16889.42	16969.88	16856.19	16895.56	149696	0	1
2023.08.14	00:00:00	16901.57	16976.54	16866.53	16921.02	121177	0	3
2023.08.15	00:00:00	16726.56	16810.16	16654.5	16758.53	55041	0	1
2023.08.16	00:00:00	16644.14	16742.04	16620.95	16646.08	55153	0	4
2023.08.17	00:00:00	16343.17	16414.9	16319.38	16359.49	91345	0	2
2023.08.18	00:00:00	16191.17	16195.22	16179.53	16192.54	65377	0	3
2023.08.21	00:00:00	16103.77	16187.27	16086.11	16129.58	64134	0	4
2023.08.22	00:00:00	16279.97	16320.88	16203.5	16292.38	74018	0	3
2023.08.23	00:00:00	16641.43	16692.22	16613.57	16638.96	78609	0	1
2023.08.24	00:00:00	16377.8	16420.36	16284.7	16371.81	175771	0	1
2023.08.25	00:00:00	16462.61	16498.79	16433.33	16455.74	145809	0	1
2023.08.28	00:00:00	16236.58	16341.9	16176.53	16258.05	54561	0	4
2023.08.29	00:00:00	16371.45	16391.27	16346.59	16357.47	144271	0	4
2023.08.30	00:00:00	16325.22	16380.6	16276.45	16338.29	70506	0	2
2023.08.31	00:00:00	15999.75	16061.84	15956.53	15989.63	113158	0	4
2023.09.01	00:00:00	16175.04	16240.73	16102.96	16175.22	55706	0	1
2023.09.04	00:00:00	16042.52	16141.95	16035.73	16064.63	63525	0	3
2023.09.05	00:00:00	15963.38	15970.02	15879.26	15968.42	69889	0	2
2023.09.06	00:00:00	15776.82	15831.81	15759.71	15771.05	115006	0	1
2023.09.07	00:00:00	15663.57	15695.4	15593.54	15653.98	119462	0	2
2023.09.08	00:00:00	15738.64	15778.71	15648.46	15740.86	102911	0	2
2023.09.11	00:00:00	15735.5	15795.67	15651.12	15711.43	143025	0	2
2023.09.12	00:00:00	15795.73	15800.22	15730.97	15779.83	158068	0	1
2023.09.13	00:00:00	15850.78	15913.26	15847.77	15854.85	159309	0	2
2023.09.14	00:00:00	16126.65	16232.14	16096.89	16114.57	136853	0	1
2023.09.15	00:00:00	16085.88	16104.21	15987.45	16054.84	131833	0	4
2023.09.18	00:00:00	15810.06	15895.57	15733.95	15779.13	123734	0	2
2023.09.19	00:00:00	15969.26	16024.98	15945.54	15988.9	85690	0	1
2023.09.20	00:00:00	15917.03	15975.24	15910.08	15931.79	123047	0	3
2023.09.21	00:00:00	16176.76	16219.04	16133.72	16152.77	51514	0	4
2023.09.22	00:00:00	16216.57	16331.2	16174.63	16233.75	194944	0	2
2023.09.25	00:00:00	16193.26	16217.45	16151.62	16214.71	105514	0	4
2023.09.26	00:00:00	16281.31	16301.22	16226.99	16289.23	163444	0	3
2023.09.27	00:00:00	16688.77	16777.71	16639.96	16681.76	193505	0	3
2023.09.28	00:00:00	17107.85	17143.17	17046.97	17109.6	124546	0	2
2023.09.29	00:00:00	17119.56	17141.77	17108.73	17130.7	179274	0	1
2023.10.02	00:00:00	17158.96	17223.31	17149.89	17170.53	121883	0	2
2023.10.03	00:00:00	17388.29	17448.09	17367.41	17400.69	69843	0	4
2023.10.04	00:00:00	17216.73	17294.06	17068.94	17231.89	53971	0	4
2023.10.05	00:00:00	17347.31	17362.22	17292.13	17307.82	70343	0	4
2023.10.06	00:00:00	17314.52	17344.97	17303.49	17309.37	191376	0	4
2023.10.09	00:00:00	17397.06	17405.64	17379.01	17381.65	121266	0	2
2023.10.10	00:00:00	17207.16	17248.66	17170.69	17215.58	97876	0	2
2023.10.11	00:00:00	16893.92	16910.8	16890.13	16897.06	116909	0	4
2023.10.12	00:00:00	16476.75	16500.19	16420.39	16488.51	88390	0	3
2023.10.13	00:00:00	16232.25	16311.27	16225.37	16275.41	180582	0	2
2023.10.16	00:00:00	16170.24	16216.12	16166.96	16192.55	199911	0	2
2023.10.17	00:00:00	16112.91	16153.68	16107.35	16142.14	62737	0	4
2023.10.18	00:00:00	16491.21	16532.79	16483.2	16528.4	157803	0	1
2023.10.19	00:00:00	16735.89	16777.56	16683.71	16755.92	100340	0	1
2023.10.20	00:00:00	16592.17	16631.82	16516.22	16570.21	57104	0	3
2023.10.23	00:00:00	16645.41	16657.93	16636.64	16646.15	188331	0	1
2023.10.24	00:00:00	16593.05	16608.32	16507.53	16571.66	59282	0	1
2023.10.25	00:00:00	16528.61	16533.8	16435.84	16521.82	80885	0	4
2023.10.26	00:00:00	16578.19	16662.57	16556.3	16565.23	53825	0	2
2023.10.27	00:00:00	16680.4	16762.58	16651.11	16695.44	120692	0	3
2023.10.30	00:00:00	16642.98	16681.42	16615.77	16634.26	139942	0	2
2023.10.31	00:00:00	16867.01	16962.8	16808.97	16854.72	98100	0	1
2023.11.01	00:00:00	16622.39	16642.83	16613.94	16631.99	60734	0	1
2023.11.02	00:00:00	16649.22	16727.89	16547.99	16639.9	67423	0	4
2023.11.03	00:00:00	17183.37	17208.56	17108.5	17173.64	190008	0	1
2023.11.06	00:00:00	17217.1	17235.38	17156.69	17226.57	170887	0	3
2023.11.07	00:00:00	17512.73	17561.89	17444.33	17532.41	190535	0	2
2023.11.08	00:00:00	17537.91	17560.34	17447.02	17558.7	129620	0	2
2023.11.09	00:00:00	17690.1	17703.48	17664.04	17688.57	131908	0	4
2023.11.10	00:00:00	17689.38	17731.09	17682.24	17683.6	167899	0	3
2023.11.13	00:00:00	17640.54	17669.89	17619.23	17654.53	142495	0	3
2023.11.14	00:00:00	17497.63	17508.04	17447.59	17497.16	115466	0	2
2023.11.15	00:00:00	17604.82	17645.34	17582.37	17594.78	93784	0	2
2023.11.16	00:00:00	17433.65	17475.81	17294.39	17422.88	122826	0	3
2023.11.17	00:00:00	17596.88	17668.69	17496.24	17569.62	59595	0	1
2023.11.20	00:00:00	17829.79	17850.69	17761.49	17807.05	78867	0	1
2023.11.21	00:00:00	17874.78	17921.97	17840.06	17892.7	160619	0	3
2023.11.22	00:00:00	17868.51	17880.93	17793.98	17838.48	180208	0	3
2023.11.23	00:00:00	17933.57	17995.05	17838.0	17943.1	65267	0	1
2023.11.24	00:00:00	17902.6	17907.31	17829.21	17883.91	64536	0	4
2023.11.27	00:00:00	18094.28	18115.56	18030.08	18093.05	62833	0	3
2023.11.28	00:00:00	17699.54	17722.98	17644.0	17706.84	168736	0	1
2023.11.29	00:00:00	17610.84	17647.57	17586.01	17642.73	96683	0	4
2023.11.30	00:00:00	17230.18	17260.58	17221.56	17233.14	99014	0	4
2023.12.01	00:00:00	16907.08	17045.97	16869.05	16933.49	51869	0	2
2023.12.04	00:00:00	17236.45	17259.82	17199.57	17219.8	195889	0	2
2023.12.05	00:00:00	17439.15	17473.98	17392.17	17412.74	115105	0	2
2023.12.06	00:00:00	17256.19	17292.44	17172.37	17269.95	169616	0	3
2023.12.07	00:00:00	16973.27	16986.1	16962.35	16968.15	156152	0	1
2023.12.08	00:00:00	16369.8	16450.72	16316.81	16381.68	71266	0	2
2023.12.11	00:00:00	16271.47	16336.54	16213.01	16281.7	170202	0	1
2023.12.12	00:00:00	16781.23	16785.97	16736.11	16768.24	132545	0	1
2023.12.13	00:00:00	16862.07	16918.92	16845.3	16862.72	140646	0	2
2023.12.14	00:00:00	16785.72	16845.59	16718.86	16756.57	80047	0	3
2023.12.15	00:00:00	16848.96	16888.73	16804.89	16857.09	177031	0	4
2023.12.18	00:00:00	16567.43	16630.28	16516.41	16550.89	189750	0	1
2023.12.19	00:00:00	16500.15	16588.12	16418.51	16498.54	110975	0	1
2023.12.20	00:00:00	16538.01	16570.69	16498.41	16524.86	63871	0	2
2023.12.21	00:00:00	16507.01	16514.9	16462.98	16514.4	177315	0	3
2023.12.22	00:00:00	16677.7	16758.1	16650.59	16678.53	183108	0	4
2023.12.25	00:00:00	16752.42	16762.36	16717.54	16754.35	125970	0	3
2023.12.26	00:00:00	16881.89	16897.44	16789.65	16896.02	136872	0	3
2023.12.27	00:00:00	16774.83	16808.06	16675.58	16763.73	83455	0	1
2023.12.28	00:00:00	16963.11	16992.72	16910.1	16952.09	60120	0	1
2023.12.29	00:00:00	17303.9	17328.64	17253.69	17293.63	191621	0	1
2024.01.01	00:00:00	17126.59	17127.35	17050.67	17100.31	122443	0	3
2024.01.02	00:00:00	16950.42	16990.59	16896.61	16925.89	91245	0	2
2024.01.03	00:00:00	17199.82	17212.98	17187.21	17206.27	153984	0	1
2024.01.04	00:00:00	17180.08	17183.68	17165.24	17173.67	53930	0	3
2024.01.05	00:00:00	17461.52	17542.31	17439.12	17472.42	61991	0	4
2024.01.08	00:00:00	17387.24	17464.01	17249.4	17386.83	86401	0	2
2024.01.09	00:00:00	17689.54	17730.17	17660.04	17700.16	117597	0	4
2024.01.10	00:00:00	17763.93	17902.59	17710.52	17735.2	105003	0	3
2024.01.11	00:00:00	17803.83	17814.8	17772.51	17797.36	78102	0	3
2024.01.12	00:00:00	18137.99	18167.97	18082.99	18141.95	102702	0	4
2024.01.15	00:00:00	18092.16	18163.16	17989.02	18070.59	100086	0	1
2024.01.16	00:00:00	17836.0	17901.27	17800.63	17874.8	128700	0	4
2024.01.17	00:00:00	17750.14	17821.15	17723.45	17785.96	134411	0	4
2024.01.18	00:00:00	17904.16	17925.47	17832.71	17889.92	182469	0	4
2024.01.19	00:00:00	17565.01	17571.0	17543.67	17563.94	171016	0	3
2024.01.22	00:00:00	17710.33	17749.48	17700.88	17705.9	93850	0	4
2024.01.23	00:00:00	17575.49	17623.25	17574.92	17598.83	185400	0	4
2024.01.24	00:00:00	17849.64	17903.42	17846.61	17850.05	128115	0	4
2024.01.25	00:00:00	17386.2	17438.03	17321.42	17351.44	78151	0	4
2024.01.26	00:00:00	17209.48	17224.69	17172.12	17195.31	101020	0	4
2024.01.29	00:00:00	16860.41	16907.08	16782.73	16857.55	161264	0	2
2024.01.30	00:00:00	16690.59	16730.98	16685.15	16697.92	173265	0	3
2024.01.31	00:00:00	16747.71	16850.65	16708.23	16754.32	106118	0	2
2024.02.01	00:00:00	16689.4	16763.32	16663.55	16725.01	73640	0	4
2024.02.02	00:00:00	16685.21	16754.24	16625.84	16680.91	78783	0	4
2024.02.05	00:00:00	16669.82	16719.54	16621.98	16655.73	65526	0	4
2024.02.06	00:00:00	16676.8	16736.21	16648.76	16703.12	154810	0	3
2024.02.07	00:00:00	16497.87	16533.45	16485.12	16508.79	125449	0	2
2024.02.08	00:00:00	16636.8	16661.18	16608.18	16656.08	117677	0	1
2024.02.09	00:00:00	16779.56	16852.35	16747.16	16795.77	150783	0	3
2024.02.12	00:00:00	16881.21	16920.04	16867.16	16880.3	174299	0	3
2024.02.13	00:00:00	16964.78	17062.67	16915.42	17000.21	169328	0	3
2024.02.14	00:00:00	17078.1	17137.48	17022.85	17067.62	70571	0	3
2024.02.15	00:00:00	17509.74	17659.84	17445.01	17496.55	138443	0	4
2024.02.16	00:00:00	17480.88	17504.49	17436.01	17485.27	182377	0	1
2024.02.19	00:00:00	17384.69	17458.41	17379.02	17427.92	166077	0	2
2024.02.20	00:00:00	17260.74	17303.5	17171.35	17277.95	99411	0	3
2024.02.21	00:00:00	17093.12	17185.95	16973.97	17072.08	108906	0	4
2024.02.22	00:00:00	16779.01	16856.17	16765.0	16825.75	183529	0	4
2024.02.23	00:00:00	16648.12	16708.51	16579.4	16653.91	54930	0	4
2024.02.26	00:00:00	16626.8	16718.71	16595.16	16646.45	128812	0	4
2024.02.27	00:00:00	16733.5	16819.96	16701.77	16720.04	67414	0	4
2024.02.28	00:00:00	16725.7	16750.7	16704.6	16737.0	184188	0	3
2024.02.29	00:00:00	16597.29	16616.2	16564.02	16590.59	55808	0	1
2024.03.01	00:00:00	16786.97	16802.53	16777.12	16777.48	53508	0	3
2024.03.04	00:00:00	16964.88	16973.68	16906.59	16933.79	99341	0	3
2024.03.05	00:00:00	16904.71	16957.06	16830.54	16908.14	80024	0	1
2024.03.06	00:00:00	16789.2	16790.83	16743.63	16782.89	124323	0	4
2024.03.07	00:00:00	16875.37	16927.37	16837.25	16900.46	94935	0	3
2024.03.08	00:00:00	16965.58	16975.55	16902.54	16945.41	103447	0	4
2024.03.11	00:00:00	16647.47	16677.24	16570.53	16660.14	134738	0	1
2024.03.12	00:00:00	16643.88	16723.51	16628.95	16653.22	134089	0	4
2024.03.13	00:00:00	16711.98	16811.51	16678.09	16712.35	190239	0	2
2024.03.14	00:00:00	16513.65	16552.48	16462.57	16539.5	122091	0	3
2024.03.15	00:00:00	16587.65	16590.46	16583.4	16583.86	134634	0	3
2024.03.18	00:00:00	16319.14	16382.11	16297.68	16303.37	151691	0	3
2024.03.19	00:00:00	16578.37	16580.09	16481.92	16573.52	76134	0	4
2024.03.20	00:00:00	16803.57	16833.02	16706.55	16830.31	150044	0	1
2024.03.21	00:00:00	16784.02	16894.67	16700.22	16786.1	179286	0	3
2024.03.22	00:00:00	16878.73	16925.07	16740.03	16866.22	97709	0	4
2024.03.25	00:00:00	16361.22	16412.03	16316.3	16392.0	76751	0	1
2024.03.26	00:00:00	16155.2	16191.36	16107.67	16172.58	101932	0	2
2024.03.27	00:00:00	16136.25	16192.1	16075.18	16122.12	91255	0	2
2024.03.28	00:00:00	15926.69	15934.27	15874.83	15922.39	137772	0	3
2024.03.29	00:00:00	16072.52	16121.82	16042.13	16065.9	179560	0	4
2024.04.01	00:00:00	16492.81	16531.26	16456.89	16462.2	139464	0	4
2024.04.02	00:00:00	16245.5	16250.14	16210.89	16237.89	68826	0	4
2024.04.03	00:00:00	16092.54	16115.13	16070.83	16081.96	97204	0	2
2024.04.04	00:00:00	16177.65	16208.19	16076.01	16133.91	153397	0	3
2024.04.05	00:00:00	16451.93	16478.54	16448.21	16455.45	99547	0	1
2024.04.08	00:00:00	16209.38	16231.82	16201.22	16222.32	137958	0	2
2024.04.09	00:00:00	16284.35	16315.1	16223.86	16277.38	154106	0	1
2024.04.10	00:00:00	16651.01	16657.6	16614.73	16643.71	99375	0	1
2024.04.11	00:00:00	16314.99	16363.68	16279.17	16323.59	147111	0	4
2024.04.12	00:00:00	16064.4	16085.56	16032.37	16081.0	109717	0	4
2024.04.15	00:00:00	16042.83	16080.6	15955.67	16005.86	70257	0	3
2024.04.16	00:00:00	15917.75	15959.33	15885.45	15912.55	105827	0	1
2024.04.17	00:00:00	16063.13	16113.7	16033.21	16074.9	116156	0	1
2024.04.18	00:00:00	16142.81	16230.37	16090.0	16128.04	50358	0	1
2024.04.19	00:00:00	15792.74	15867.6	15746.5	15794.46	183905	0	3
2024.04.22	00:00:00	15894.79	15911.05	15887.4	15898.81	129183	0	1
2024.04.23	00:00:00	15804.21	15885.49	15727.52	15795.32	55445	0	2
2024.04.24	00:00:00	16024.43	16079.52	15958.65	16045.16	180198	0	4
2024.04.25	00:00:00	15936.77	15973.67	15919.52	15931.15	178274	0	4
2024.04.26	00:00:00	15846.49	15859.79	15777.24	15816.23	51807	0	4
2024.04.29	00:00:00	15933.07	15957.54	15850.38	15925.64	74476	0	2
2024.04.30	00:00:00	16072.49	16146.11	16069.55	16078.54	104569	0	3
2024.05.01	00:00:00	16163.5	16222.51	16157.38	16171.7	126087	0	1
2024.05.02	00:00:00	15847.71	15892.18	15831.57	15854.22	158864	0	4
2024.05.03	00:00:00	15959.24	15973.42	15916.64	15963.3	113650	0	1
2024.05.06	00:00:00	15766.74	15791.17	15697.27	15772.7	141757	0	3
2024.05.07	00:00:00	15838.12	15861.7	15793.58	15823.62	51519	0	3
2024.05.08	00:00:00	15534.82	15604.34	15498.31	15561.79	148780	0	4
2024.05.09	00:00:00	15665.12	15674.45	15507.96	15651.62	187309	0	2
2024.05.10	00:00:00	15501.17	15529.83	15450.67	15507.06	128931	0	1
2024.05.13	00:00:00	15282.08	15293.96	15218.7	15276.32	118238	0	4
2024.05.14	00:00:00	15396.53	15416.8	15372.97	15413.9	94567	0	3
2024.05.15	00:00:00	15485.39	15490.39	15393.89	15464.85	193140	0	2
2024.05.16	00:00:00	15376.6	15386.52	15354.49	15357.47	54980	0	2
2024.05.17	00:00:00	15648.5	15684.77	15606.66	15633.5	93011	0	2
2024.05.20	00:00:00	15533.71	15583.18	15447.79	15557.27	70806	0	2
2024.05.21	00:00:00	15582.4	15584.47	15537.85	15569.49	179941	0	2
2024.05.22	00:00:00	15632.39	15670.34	15575.74	15626.06	122390	0	2
2024.05.23	00:00:00	15491.6	15519.66	15403.53	15516.51	188358	0	2
2024.05.24	00:00:00	15610.34	15612.03	15604.86	15610.72	149773	0	1
2024.05.27	00:00:00	15522.97	15531.97	15412.91	15517.32	133524	0	4
2024.05.28	00:00:00	15455.62	15557.93	15385.76	15447.03	127620	0	1
2024.05.29	00:00:00	15710.76	15735.45	15682.66	15707.98	80401	0	1
2024.05.30	00:00:00	15523.78	15543.44	15480.55	15519.26	134307	0	1
2024.05.31	00:00:00	15104.62	15153.04	15064.46	15082.4	152787	0	4
2024.06.03	00:00:00	15401.81	15406.33	15368.84	15382.95	194801	0	2
2024.06.04	00:00:00	15821.67	15978.44	15779.24	15867.16	132346	0	2
2024.06.05	00:00:00	15791.48	15814.41	15755.84	15796.5	190825	0	2
2024.06.06	00:00:00	15437.22	15454.77	15384.39	15439.76	191679	0	1
2024.06.07	00:00:00	15361.54	15425.37	15361.45	15388.5	128382	0	2
2024.06.10	00:00:00	15343.31	15359.49	15327.9	15341.87	115890	0	1
2024.06.11	00:00:00	15332.19	15343.64	15289.57	15313.07	71405	0	4
2024.06.12	00:00:00	15099.46	15154.26	15093.04	15115.88	90277	0	1
2024.06.13	00:00:00	15232.59	15247.17	15209.32	15227.46	181864	0	2
2024.06.14	00:00:00	15315.7	15387.65	15300.43	15329.74	70743	0	4
2024.06.17	00:00:00	15053.19	15067.6	15016.27	15063.31	109558	0	4
2024.06.18	00:00:00	15218.75	15233.92	15177.08	15196.3	154795	0	3
2024.06.19	00:00:00	15573.05	15707.9	15568.66	15581.5	86093	0	1
2024.06.20	00:00:00	15627.15	15645.64	15588.86	15619.93	196116	0	2
2024.06.21	00:00:00	15533.94	15596.65	15503.07	15563.06	147422	0	1
2024.06.24	00:00:00	15571.72	15604.15	15486.34	15542.78	54251	0	3
2024.06.25	00:00:00	15673.66	15717.99	15618.22	15664.22	87075	0	2
2024.06.26	00:00:00	15345.6	15391.52	15341.98	15348.4	161066	0	3
2024.06.27	00:00:00	15393.71	15410.54	15345.03	15384.86	179478	0	3
2024.06.28	00:00:00	15297.47	15324.92	15260.36	15319.07	189039	0	4
2024.07.01	00:00:00	15687.34	15690.33	15642.46	15668.81	177675	0	2
2024.07.02	00:00:00	15637.28	15676.68	15571.3	15642.35	61217	0	4
2024.07.03	00:00:00	15961.71	16005.52	15912.81	15964.96	159453	0	2
2024.07.04	00:00:00	15753.46	15812.07	15728.08	15761.21	66525	0	3
2024.07.05	00:00:00	15869.8	15889.71	15850.33	15879.02	61482	0	3
2024.07.08	00:00:00	15957.45	15986.22	15944.41	15946.38	153793	0	4
2024.07.09	00:00:00	15791.3	15807.05	15733.14	15787.26	121724	0	2
2024.07.10	00:00:00	15837.54	15876.0	15826.28	15827.23	147194	0	4
2024.07.11	00:00:00	16065.49	16098.28	16007.69	16065.63	177722	0	2
2024.07.12	00:00:00	16017.94	16053.69	15983.61	16009.73	60324	0	2
2024.07.15	00:00:00	15687.65	15718.78	15664.83	15694.23	129129	0	2
2024.07.16	00:00:00	15732.2	15776.75	15608.29	15697.2	175163	0	3
2024.07.17	00:00:00	15509.99	15594.98	15509.93	15534.34	116043	0	3
2024.07.18	00:00:00	15496.36	15525.81	15373.07	15476.85	128513	0	1
2024.07.19	00:00:00	15489.05	15517.16	15451.3	15467.89	124678	0	4
2024.07.22	00:00:00	15147.65	15217.3	15059.29	15160.57	186079	0	4
2024.07.23	00:00:00	14908.58	15034.38	14805.09	14875.42	57484	0	1
2024.07.24	00:00:00	14982.61	15059.43	14885.49	14967.71	181698	0	4
2024.07.25	00:00:00	14894.52	14927.51	14834.54	14880.07	172457	0	3
2024.07.26	00:00:00	14435.26	14461.94	14395.35	14434.85	171876	0	1
2024.07.29	00:00:00	14574.11	14614.48	14542.54	14577.27	111843	0	2
2024.07.30	00:00:00	14627.78	14678.15	14617.94	14630.85	127384	0	4
2024.07.31	00:00:00	14517.52	14530.57	14456.43	14511.85	105347	0	2
2024.08.01	00:00:00	14310.08	14362.3	14262.42	14290.05	87756	0	4
2024.08.02	00:00:00	14442.49	14457.01	14410.58	14439.87	181315	0	2
2024.08.05	00:00:00	14493.11	14508.59	14454.05	14506.34	125896	0	1
2024.08.06	00:00:00	14945.36	14966.93	14897.18	14933.05	158501	0	2
2024.08.07	00:00:00	15028.37	15051.26	15002.07	15014.54	65121	0	3
2024.08.08	00:00:00	15100.47	15127.79	15029.46	15090.59	168338	0	3
2024.08.09	00:00:00	15077.65	15094.54	15052.33	15066.42	148826	0	4
2024.08.12	00:00:00	15216.78	15317.76	15182.72	15220.9	199641	0	1
2024.08.13	00:00:00	15327.39	15352.43	15287.4	15341.64	70096	0	4
2024.08.14	00:00:00	15566.53	15667.1	15511.5	15580.05	131006	0	3
2024.08.15	00:00:00	15463.75	15535.66	15414.75	15489.08	126675	0	1
2024.08.16	00:00:00	15418.18	15498.69	15379.61	15414.53	130759	0	4
2024.08.19	00:00:00	15331.02	15333.09	15205.02	15332.29	58157	0	2
2024.08.20	00:00:00	15477.86	15490.34	15395.82	15484.68	120968	0	3
2024.08.21	00:00:00	15725.31	15794.09	15658.24	15771.93	94926	0	3
2024.08.22	00:00:00	15672.03	15786.26	15653.16	15691.6	142603	0	1
2024.08.23	00:00:00	15635.57	15661.32	15582.89	15618.06	84812	0	1
2024.08.26	00:00:00	15672.89	15717.47	15595.65	15683.31	115257	0	3
2024.08.27	00:00:00	15649.02	15692.73	15584.01	15643.38	143004	0	2
2024.08.28	00:00:00	15807.44	15876.9	15806.28	15829.46	59606	0	1
2024.08.29	00:00:00	15435.79	15437.5	15400.05	15413.62	168018	0	1
2024.08.30	00:00:00	15265.37	15275.49	15259.32	15267.57	157360	0	4
2024.09.02	00:00:00	15135.33	15219.62	15120.63	15130.94	58595	0	1
2024.09.03	00:00:00	14755.57	14763.55	14650.67	14721.33	59710	0	1
2024.09.04	00:00:00	14579.98	14580.59	14539.45	14557.9	177542	0	3
2024.09.05	00:00:00	14400.25	14413.96	14368.88	14404.66	92499	0	1
2024.09.06	00:00:00	14367.16	14410.77	14316.77	14375.69	179115	0	3
2024.09.09	00:00:00	14570.06	14598.4	14518.93	14574.8	124887	0	3
2024.09.10	00:00:00	14545.23	14552.95	14504.9	14537.82	101340	0	3
2024.09.11	00:00:00	14363.33	14368.76	14350.64	14364.84	91034	0	2
2024.09.12	00:00:00	14355.1	14386.83	14246.74	14360.77	148850	0	4
2024.09.13	00:00:00	14569.88	14617.13	14455.65	14548.54	66459	0	3
2024.09.16	00:00:00	14383.26	14397.6	14339.32	14384.9	110391	0	2
2024.09.17	00:00:00	14267.0	14286.52	14211.58	14234.26	101878	0	1
2024.09.18	00:00:00	14337.03	14355.85	14330.83	14335.72	73128	0	2
2024.09.19	00:00:00	14328.92	14355.18	14295.47	14303.38	102923	0	1
2024.09.20	00:00:00	14425.87	14444.66	14336.32	14420.72	129299	0	1
2024.09.23	00:00:00	14438.02	14472.25	14369.21	14424.13	151634	0	2
2024.09.24	00:00:00	14541.36	14594.67	14540.17	14551.91	62953	0	1
2024.09.25	00:00:00	14365.75	14433.74	14352.63	14378.03	180859	0	1
2024.09.26	00:00:00	14388.31	14465.07	14349.93	14381.7	181770	0	2
2024.09.27	00:00:00	14365.31	14402.65	14349.9	14351.12	153796	0	3
2024.09.30	00:00:00	14149.48	14150.07	14080.99	14148.91	188643	0	1
2024.10.01	00:00:00	13873.61	13891.95	13814.93	13891.48	114191	0	2
2024.10.02	00:00:00	13992.81	14015.99	13964.19	14011.87	173241	0	1
2024.10.03	00:00:00	13938.64	13985.75	13853.7	13958.56	159090	0	1
2024.10.04	00:00:00	13769.51	13855.37	13768.17	13793.89	134379	0	1
2024.10.07	00:00:00	13785.0	13788.83	13740.98	13783.49	76925	0	2
2024.10.08	00:00:00	13992.65	14024.9	13974.69	13976.93	133639	0	3
2024.10.09	00:00:00	13604.84	13608.53	13603.58	13605.02	185202	0	4
2024.10.10	00:00:00	13337.99	13400.05	13314.62	13368.21	197691	0	3
2024.10.11	00:00:00	13223.74	13269.9	13219.02	13226.27	117209	0	3
2024.10.14	00:00:00	13463.41	13475.07	13450.57	13465.61	87185	0	4
2024.10.15	00:00:00	13545.08	13551.22	13484.95	13516.75	162126	0	2
2024.10.16	00:00:00	13627.36	13670.96	13622.25	13647.24	61392	0	4
2024.10.17	00:00:00	13461.92	13555.49	13437.28	13467.18	72663	0	4
2024.10.18	00:00:00	13315.46	13326.54	13201.08	13292.78	134291	0	3
2024.10.21	00:00:00	13375.77	13395.24	13366.16	13369.76	198530	0	4
2024.10.22	00:00:00	13392.0	13435.29	13322.41	13384.46	99317	0	1
2024.10.23	00:00:00	13479.82	13531.86	13470.37	13478.28	116498	0	4
2024.10.24	00:00:00	13457.78	13521.68	13442.87	13453.34	98350	0	3
2024.10.25	00:00:00	13514.22	13551.66	13450.19	13503.72	116075	0	1
2024.10.28	00:00:00	13523.82	13577.16	13505.68	13534.78	51062	0	1
2024.10.29	00:00:00	13679.16	13680.76	13658.52	13667.16	139208	0	3
2024.10.30	00:00:00	13786.72	13809.41	13721.12	13805.67	139435	0	2
2024.10.31	00:00:00	13549.77	13586.46	13536.3	13545.32	97334	0	2
2024.11.01	00:00:00	13192.56	13204.63	13135.44	13190.2	89605	0	2
2024.11.04	00:00:00	13346.82	13404.31	13321.17	13355.05	164240	0	4
2024.11.05	00:00:00	13551.87	13584.95	13485.71	13552.18	78178	0	2
2024.11.06	00:00:00	13384.23	13448.57	13381.86	13392.57	57060	0	1
2024.11.07	00:00:00	13088.18	13139.28	12994.33	13102.23	56064	0	2
2024.11.08	00:00:00	13118.41	13142.44	13099.31	13123.05	182263	0	1
2024.11.11	00:00:00	13261.11	13300.48	13230.62	13275.77	104654	0	3
2024.11.12	00:00:00	13575.06	13639.5	13521.42	13570.68	65274	0	4
2024.11.13	00:00:00	13644.77	13691.0	13549.35	13660.48	181845	0	4
2024.11.14	00:00:00	13614.81	13617.05	13571.68	13605.13	72293	0	3
2024.11.15	00:00:00	13449.57	13512.57	13436.09	13465.48	100500	0	4
